"Site","H_shannon"
"Aikawa",2.96116274597892
"Bertha",3.94049915379335
"Goatgrass",4.04506869844542
"Long",3.07240408221974
"Quarry_1",2.33866703525998
"Rock",2.31306960029476
