"Site","H2"
"Aikawa",0.484937819117919
"Bertha",0.45056284419381
"Goatgrass",0.498196535169117
"Long",0.560694357715821
"Quarry_1",0.719289128137327
"Rock",0.468795896167944
